seed,experiment,condition,x,BS,H_norm,F_norm,M_norm
7801,formation,p=0.55,0,0.0,0.2149728238582611,0.0,0.0
7801,formation,p=0.55,1,0.0014363229274749756,1.9051491022109985,0.5122111439704895,0.1473749428987503
7801,formation,p=0.55,2,0.004531204700469971,2.6553077697753906,0.5120792984962463,0.5070961713790894
7801,formation,p=0.55,4,-0.00557178258895874,3.0489258766174316,0.5140466094017029,0.819476306438446
7801,formation,p=0.55,8,0.010811030864715576,3.1927967071533203,0.4966968595981598,1.0076022148132324
7801,formation,p=0.55,16,0.08400711417198181,3.2947988510131836,0.4921184182167053,1.084734320640564
7801,formation,p=0.55,32,0.15498769283294678,3.329831600189209,0.4837300777435303,1.1215124130249023
7801,formation,p=0.55,64,0.2538527250289917,3.325824737548828,0.44477546215057373,1.15349543094635
7801,formation,p=0.60,0,0.0,0.2149728238582611,0.0,0.0
7801,formation,p=0.60,1,0.0067293643951416016,1.8782836198806763,0.5095276236534119,0.1500425934791565
7801,formation,p=0.60,2,0.01731163263320923,2.6761879920959473,0.517959713935852,0.5030645728111267
7801,formation,p=0.60,4,0.15139877796173096,3.0271072387695312,0.5140417218208313,0.8252043128013611
7801,formation,p=0.60,8,0.2623787522315979,3.1671175956726074,0.4831255078315735,1.014905571937561
7801,formation,p=0.60,16,0.33719101548194885,3.304736614227295,0.49725666642189026,1.0881454944610596
7801,formation,p=0.60,32,0.3459545969963074,3.3763175010681152,0.4726683497428894,1.134847640991211
7801,formation,p=0.60,64,0.4746304452419281,3.4004321098327637,0.45356640219688416,1.1974246501922607
7801,formation,p=0.65,0,0.0,0.2149728238582611,0.0,0.0
7801,formation,p=0.65,1,0.05169793963432312,1.895776391029358,0.5123845338821411,0.1469630002975464
7801,formation,p=0.65,2,0.11424431204795837,2.665759325027466,0.5151636004447937,0.5051987171173096
7801,formation,p=0.65,4,0.2512923777103424,3.061772346496582,0.525288462638855,0.8237352967262268
7801,formation,p=0.65,8,0.31677886843681335,3.164759635925293,0.505627453327179,1.0150458812713623
7801,formation,p=0.65,16,0.445492148399353,3.278554916381836,0.49623000621795654,1.0986642837524414
7801,formation,p=0.65,32,0.5142313838005066,3.379885196685791,0.48177582025527954,1.1612842082977295
7801,formation,p=0.65,64,0.5743604898452759,3.4939372539520264,0.4501020610332489,1.2529149055480957
7801,formation,p=0.70,0,0.0,0.2149728238582611,0.0,0.0
7801,formation,p=0.70,1,0.04205501079559326,1.8782206773757935,0.5118062496185303,0.14765579998493195
7801,formation,p=0.70,2,0.09214803576469421,2.666260004043579,0.5149289965629578,0.5040078163146973
7801,formation,p=0.70,4,0.22176781296730042,3.0371253490448,0.5124952793121338,0.825361967086792
7801,formation,p=0.70,8,0.39440417289733887,3.1697750091552734,0.5083489418029785,1.0106592178344727
7801,formation,p=0.70,16,0.448612242937088,3.26137375831604,0.48746803402900696,1.1001673936843872
7801,formation,p=0.70,32,0.5523748397827148,3.3606653213500977,0.4813532531261444,1.1763391494750977
7801,formation,p=0.70,64,0.5892056226730347,3.4695546627044678,0.436471551656723,1.318082571029663
7801,persistence,unrelated_delay,0,0.4867522418498993,3.366830348968506,0.48174431920051575,1.152506709098816
7801,persistence,unrelated_delay,10,0.43630772829055786,3.1187779903411865,1.288561463356018,1.1502629518508911
7801,persistence,unrelated_delay,50,0.5338802337646484,5.656349182128906,1.3964773416519165,1.2036629915237427
7801,persistence,unrelated_delay,100,0.6356918215751648,9.083513259887695,1.3481158018112183,1.3055758476257324
7801,persistence,unrelated_delay,250,0.6816543340682983,19.11300277709961,1.306061029434204,1.562750220298767
7801,persistence,unrelated_delay,500,0.6931225657463074,35.49413299560547,1.2832272052764893,1.7375288009643555
7801,persistence,unrelated_delay,1000,0.6861135959625244,68.60774230957031,1.277904748916626,1.8078585863113403
7801,persistence,unrelated_delay,2000,0.6821774840354919,136.1416473388672,1.302303433418274,1.844758152961731
7801,persistence,unrelated_delay,5000,0.6685879230499268,341.9326171875,1.312195062637329,1.8995068073272705
7801,revision,opposing,0,0.4867522418498993,3.366830348968506,0.48174431920051575,1.152506709098816
7801,revision,opposing,1,0.4682016670703888,3.5483970642089844,0.4776310324668884,1.150370717048645
7801,revision,opposing,2,0.45833536982536316,3.556035041809082,0.481248140335083,1.1508917808532715
7801,revision,opposing,4,0.4223126471042633,3.5579288005828857,0.4825298488140106,1.147705078125
7801,revision,opposing,8,0.3904445767402649,3.5186715126037598,0.47516754269599915,1.1467899084091187
7801,revision,opposing,16,0.3109927475452423,3.4397172927856445,0.4738166034221649,1.140002727508545
7801,revision,opposing,32,0.0886756181716919,3.3532137870788574,0.4570521116256714,1.1441056728363037
7801,revision,opposing,64,-0.21295231580734253,3.3582210540771484,0.4550510346889496,1.1747639179229736
7801,revision,opposing,128,-0.4438275992870331,3.394014596939087,0.41572505235671997,1.2835021018981934
7802,formation,p=0.55,0,0.0,0.22255823016166687,0.0,0.0
7802,formation,p=0.55,1,0.0031143128871917725,2.1952428817749023,0.5708015561103821,0.022305766120553017
7802,formation,p=0.55,2,0.0021782517433166504,3.341830015182495,0.7086758613586426,0.13850677013397217
7802,formation,p=0.55,4,-0.00521773099899292,5.725244998931885,0.7849071025848389,0.3163723945617676
7802,formation,p=0.55,8,0.005719363689422607,9.296591758728027,0.7662427425384521,0.5494009256362915
7802,formation,p=0.55,16,-0.006395965814590454,16.082592010498047,0.7259112596511841,0.7994449734687805
7802,formation,p=0.55,32,-0.006339430809020996,30.410411834716797,0.6938652992248535,1.0049406290054321
7802,formation,p=0.55,64,-0.007225483655929565,61.17137908935547,0.6744810342788696,1.0926525592803955
7802,formation,p=0.60,0,0.0,0.22255823016166687,0.0,0.0
7802,formation,p=0.60,1,0.008489638566970825,2.1912107467651367,0.5708672404289246,0.022260533645749092
7802,formation,p=0.60,2,-0.0005310177803039551,3.347010850906372,0.7064885497093201,0.14042961597442627
7802,formation,p=0.60,4,-0.004073113203048706,5.758276462554932,0.7833775281906128,0.31751739978790283
7802,formation,p=0.60,8,-0.0011043548583984375,9.443769454956055,0.775058388710022,0.5468292236328125
7802,formation,p=0.60,16,-0.006171315908432007,16.387283325195312,0.7170636653900146,0.7881041169166565
7802,formation,p=0.60,32,-0.013519704341888428,30.84122085571289,0.6910523772239685,1.0000522136688232
7802,formation,p=0.60,64,-0.0028643012046813965,61.27779006958008,0.6789671182632446,1.093023657798767
7802,formation,p=0.65,0,0.0,0.22255823016166687,0.0,0.0
7802,formation,p=0.65,1,-0.0001767277717590332,2.199005603790283,0.5711666345596313,0.021947305649518967
7802,formation,p=0.65,2,0.0018607378005981445,3.3523120880126953,0.7096843719482422,0.13686811923980713
7802,formation,p=0.65,4,-0.006988197565078735,5.765868186950684,0.7886103391647339,0.31157276034355164
7802,formation,p=0.65,8,-0.00619158148765564,9.37165355682373,0.7705264091491699,0.5423696041107178
7802,formation,p=0.65,16,-0.004181504249572754,15.988906860351562,0.722573459148407,0.7971881031990051
7802,formation,p=0.65,32,-0.0017845630645751953,30.164276123046875,0.7022324800491333,1.0020087957382202
7802,formation,p=0.65,64,0.004772007465362549,60.505340576171875,0.6897934079170227,1.0951582193374634
7802,formation,p=0.70,0,0.0,0.22255823016166687,0.0,0.0
7802,formation,p=0.70,1,0.002413123846054077,2.1932365894317627,0.5710053443908691,0.0220960546284914
7802,formation,p=0.70,2,-0.00038495659828186035,3.3469903469085693,0.7097880244255066,0.13728368282318115
7802,formation,p=0.70,4,0.0018209517002105713,5.758552551269531,0.7862354516983032,0.31419336795806885
7802,formation,p=0.70,8,4.455447196960449e-05,9.363935470581055,0.7763857841491699,0.5444068908691406
7802,formation,p=0.70,16,0.0018125176429748535,16.10137176513672,0.7295317053794861,0.7955313324928284
7802,formation,p=0.70,32,-0.000695347785949707,30.136552810668945,0.6928961873054504,1.0065162181854248
7802,formation,p=0.70,64,-0.0030618607997894287,59.86690902709961,0.6884639263153076,1.0927459001541138
7802,persistence,unrelated_delay,0,-0.008457034826278687,29.990732192993164,0.6939302682876587,1.0022305250167847
7802,persistence,unrelated_delay,10,-0.006304562091827393,31.71112823486328,1.3126012086868286,0.9897531867027283
7802,persistence,unrelated_delay,50,-0.0015419721603393555,38.82538604736328,1.3497819900512695,1.0657309293746948
7802,persistence,unrelated_delay,100,0.004641622304916382,47.666419982910156,1.3385932445526123,1.1500966548919678
7802,persistence,unrelated_delay,250,0.004354238510131836,73.6432876586914,1.3202918767929077,1.2645962238311768
7802,persistence,unrelated_delay,500,0.003956139087677002,114.72428894042969,1.3123699426651,1.2976510524749756
7802,persistence,unrelated_delay,1000,0.0027129650115966797,191.28952026367188,1.310479760169983,1.3009288311004639
7802,persistence,unrelated_delay,2000,-0.0007982254028320312,336.8326416015625,1.31093168258667,1.3081575632095337
7802,persistence,unrelated_delay,5000,-0.0004189610481262207,762.0221557617188,1.3124626874923706,1.3356425762176514
7802,revision,opposing,0,-0.008457034826278687,29.990732192993164,0.6939302682876587,1.0022305250167847
7802,revision,opposing,1,-0.007513552904129028,30.9266357421875,0.6883220076560974,1.0091030597686768
7802,revision,opposing,2,-0.00044533610343933105,31.884082794189453,0.6880170106887817,1.0153052806854248
7802,revision,opposing,4,-0.0005341768264770508,33.74752426147461,0.6851984262466431,1.0263957977294922
7802,revision,opposing,8,0.000758737325668335,37.49468231201172,0.6890683770179749,1.0458201169967651
7802,revision,opposing,16,0.00045609474182128906,45.080238342285156,0.6825995445251465,1.068784475326538
7802,revision,opposing,32,0.007660537958145142,60.513526916503906,0.6807045340538025,1.0925910472869873
7802,revision,opposing,64,0.0014258325099945068,90.90579223632812,0.6773775219917297,1.1117134094238281
7802,revision,opposing,128,-0.0027596652507781982,150.52420043945312,0.6644926071166992,1.12514328956604
7803,formation,p=0.55,0,0.0,0.28359654545783997,0.0,0.0
7803,formation,p=0.55,1,-0.0009263157844543457,1.1968265771865845,0.5325402021408081,0.12180649489164352
7803,formation,p=0.55,2,-0.006178736686706543,1.5389976501464844,0.6525448560714722,0.3602756857872009
7803,formation,p=0.55,4,-0.0016449391841888428,1.9914748668670654,0.737459659576416,0.5687782764434814
7803,formation,p=0.55,8,-0.005537927150726318,2.6424217224121094,0.6762278079986572,0.788381814956665
7803,formation,p=0.55,16,-0.005354583263397217,3.3268113136291504,0.5958685278892517,1.0468385219573975
7803,formation,p=0.55,32,-0.007997691631317139,3.8055450916290283,0.5652796626091003,1.2923920154571533
7803,formation,p=0.55,64,-0.0043599605560302734,4.249414920806885,0.48832300305366516,1.4446827173233032
7803,formation,p=0.60,0,0.0,0.28359654545783997,0.0,0.0
7803,formation,p=0.60,1,-0.007499337196350098,1.1950165033340454,0.5365632772445679,0.11243271082639694
7803,formation,p=0.60,2,-0.00407862663269043,1.5437977313995361,0.6494869589805603,0.35388338565826416
7803,formation,p=0.60,4,0.010222017765045166,2.0070149898529053,0.7256392240524292,0.5672160387039185
7803,formation,p=0.60,8,0.008084267377853394,2.626469612121582,0.6891675591468811,0.7857093214988708
7803,formation,p=0.60,16,-0.0003903806209564209,3.188661575317383,0.6237069964408875,1.0438321828842163
7803,formation,p=0.60,32,0.01343470811843872,3.8854007720947266,0.5070980191230774,1.3071988821029663
7803,formation,p=0.60,64,-0.005342066287994385,4.256901741027832,0.5176098346710205,1.4378821849822998
7803,formation,p=0.65,0,0.0,0.28359654545783997,0.0,0.0
7803,formation,p=0.65,1,-0.006078779697418213,1.1941765546798706,0.5302468538284302,0.12626218795776367
7803,formation,p=0.65,2,-0.017819523811340332,1.5422649383544922,0.6561265587806702,0.36274269223213196
7803,formation,p=0.65,4,0.0016697049140930176,2.0109152793884277,0.7223426103591919,0.57350754737854
7803,formation,p=0.65,8,-0.006666034460067749,2.628793239593506,0.6969089508056641,0.7928548455238342
7803,formation,p=0.65,16,0.009216874837875366,3.1847574710845947,0.6058405637741089,1.0548417568206787
7803,formation,p=0.65,32,0.013084590435028076,3.459134817123413,0.5283695459365845,1.301364541053772
7803,formation,p=0.65,64,0.022726088762283325,3.8543758392333984,0.5099003911018372,1.4327372312545776
7803,formation,p=0.70,0,0.0,0.28359654545783997,0.0,0.0
7803,formation,p=0.70,1,-0.0023513734340667725,1.1935415267944336,0.5325150489807129,0.12275990843772888
7803,formation,p=0.70,2,0.006328374147415161,1.5381383895874023,0.6499552130699158,0.3641290068626404
7803,formation,p=0.70,4,0.019002765417099,2.0017142295837402,0.726951003074646,0.5726180076599121
7803,formation,p=0.70,8,0.010806679725646973,2.5990688800811768,0.7020914554595947,0.7852399945259094
7803,formation,p=0.70,16,0.007765620946884155,3.1914944648742676,0.6011980175971985,1.0528992414474487
7803,formation,p=0.70,32,0.022262603044509888,3.4181578159332275,0.5467060804367065,1.2946789264678955
7803,formation,p=0.70,64,0.013448894023895264,3.6481287479400635,0.5162844061851501,1.4301657676696777
7803,persistence,unrelated_delay,0,0.005232691764831543,3.689819097518921,0.5479257106781006,1.3005366325378418
7803,persistence,unrelated_delay,10,0.006583213806152344,4.033622741699219,1.3499784469604492,1.1423404216766357
7803,persistence,unrelated_delay,50,0.0044661760330200195,5.841584205627441,1.3958184719085693,1.12901771068573
7803,persistence,unrelated_delay,100,0.0014586448669433594,8.436929702758789,1.374025583267212,1.1594611406326294
7803,persistence,unrelated_delay,250,0.00036144256591796875,15.724664688110352,1.3684239387512207,1.179735541343689
7803,persistence,unrelated_delay,500,6.204843521118164e-05,27.234933853149414,1.3772262334823608,1.1783063411712646
7803,persistence,unrelated_delay,1000,-8.344650268554688e-05,49.60130310058594,1.3716360330581665,1.1702648401260376
7803,persistence,unrelated_delay,2000,-4.023313522338867e-05,92.56099700927734,1.3966118097305298,1.1655714511871338
7803,persistence,unrelated_delay,5000,-2.0623207092285156e-05,217.14883422851562,1.396437406539917,1.170302391052246
7803,revision,opposing,0,0.005232691764831543,3.689819097518921,0.5479257106781006,1.3005366325378418
7803,revision,opposing,1,0.011159747838973999,3.684854745864868,0.5458899140357971,1.3082045316696167
7803,revision,opposing,2,0.00867357850074768,3.7020809650421143,0.5313706398010254,1.31589674949646
7803,revision,opposing,4,0.009720146656036377,3.731689691543579,0.5519595742225647,1.3281803131103516
7803,revision,opposing,8,0.012075960636138916,3.7534146308898926,0.5456714034080505,1.3518033027648926
7803,revision,opposing,16,-0.006674528121948242,3.7775282859802246,0.5424717664718628,1.3918532133102417
7803,revision,opposing,32,-0.018854916095733643,4.0835371017456055,0.5131487846374512,1.4342132806777954
7803,revision,opposing,64,-0.009850621223449707,4.286823272705078,0.5378187298774719,1.4771885871887207
7803,revision,opposing,128,-0.0033199191093444824,4.381255626678467,0.4733136296272278,1.5284384489059448
7804,formation,p=0.55,0,0.0,0.2056356817483902,0.0,0.0
7804,formation,p=0.55,1,0.0033524036407470703,1.3913500308990479,0.5002620816230774,0.15307369828224182
7804,formation,p=0.55,2,0.020086467266082764,1.4441823959350586,0.5195414423942566,0.47730696201324463
7804,formation,p=0.55,4,0.07794854044914246,1.5994315147399902,0.5674456357955933,0.7696172595024109
7804,formation,p=0.55,8,0.06078338623046875,1.6892439126968384,0.5458171367645264,0.9712860584259033
7804,formation,p=0.55,16,0.04270651936531067,1.7417207956314087,0.5045748949050903,1.0926815271377563
7804,formation,p=0.55,32,0.051978737115859985,1.7541825771331787,0.4398588240146637,1.198033094406128
7804,formation,p=0.55,64,0.07460391521453857,1.7406294345855713,0.38276293873786926,1.3082365989685059
7804,formation,p=0.60,0,0.0,0.2056356817483902,0.0,0.0
7804,formation,p=0.60,1,0.0038831233978271484,1.3879870176315308,0.5114315748214722,0.14131879806518555
7804,formation,p=0.60,2,0.024508923292160034,1.4316489696502686,0.527178168296814,0.46220654249191284
7804,formation,p=0.60,4,0.051650822162628174,1.5853192806243896,0.5737996697425842,0.750179648399353
7804,formation,p=0.60,8,0.09343841671943665,1.694003939628601,0.5626223087310791,0.9661036729812622
7804,formation,p=0.60,16,0.20996123552322388,1.7459074258804321,0.5278555154800415,1.0884056091308594
7804,formation,p=0.60,32,0.34993958473205566,1.7588800191879272,0.44460394978523254,1.1962295770645142
7804,formation,p=0.60,64,0.39792734384536743,1.7784746885299683,0.38994723558425903,1.3231754302978516
7804,formation,p=0.65,0,0.0,0.2056356817483902,0.0,0.0
7804,formation,p=0.65,1,0.026610493659973145,1.3904097080230713,0.5014933347702026,0.15217599272727966
7804,formation,p=0.65,2,0.09986931085586548,1.4340550899505615,0.5267682075500488,0.47681745886802673
7804,formation,p=0.65,4,0.15098994970321655,1.6165415048599243,0.5709753632545471,0.7753268480300903
7804,formation,p=0.65,8,0.261640340089798,1.727260708808899,0.560082733631134,0.9780793190002441
7804,formation,p=0.65,16,0.3237973749637604,1.7653305530548096,0.5065721273422241,1.105101466178894
7804,formation,p=0.65,32,0.42103442549705505,1.7972650527954102,0.44533151388168335,1.2257188558578491
7804,formation,p=0.65,64,0.4521644413471222,1.7742525339126587,0.401875764131546,1.357906460762024
7804,formation,p=0.70,0,0.0,0.2056356817483902,0.0,0.0
7804,formation,p=0.70,1,0.011444807052612305,1.388931155204773,0.5051796436309814,0.1477843075990677
7804,formation,p=0.70,2,0.020708471536636353,1.4525947570800781,0.5274803638458252,0.47096359729766846
7804,formation,p=0.70,4,0.07929059863090515,1.5900400876998901,0.563941478729248,0.7633971571922302
7804,formation,p=0.70,8,0.15383261442184448,1.7423040866851807,0.555896520614624,0.9712454676628113
7804,formation,p=0.70,16,0.31459978222846985,1.7802218198776245,0.5107870697975159,1.109160304069519
7804,formation,p=0.70,32,0.40097203850746155,1.8030295372009277,0.4442448616027832,1.232007384300232
7804,formation,p=0.70,64,0.46290120482444763,1.8234564065933228,0.397502601146698,1.364740014076233
7804,persistence,unrelated_delay,0,0.4450940787792206,1.786651611328125,0.4275960922241211,1.2376075983047485
7804,persistence,unrelated_delay,10,0.4939500689506531,1.7237021923065186,1.2805030345916748,1.2884156703948975
7804,persistence,unrelated_delay,50,0.37541985511779785,1.4906327724456787,1.315346360206604,1.4402589797973633
7804,persistence,unrelated_delay,100,0.3026718497276306,1.3132644891738892,1.198161244392395,1.610830545425415
7804,persistence,unrelated_delay,250,0.1601739227771759,1.1243184804916382,0.9807291030883789,1.931620717048645
7804,persistence,unrelated_delay,500,0.09320482611656189,1.1141149997711182,0.8060033917427063,2.12727427482605
7804,persistence,unrelated_delay,1000,0.09873196482658386,1.1317737102508545,0.680970311164856,2.231605052947998
7804,persistence,unrelated_delay,2000,0.0952368676662445,1.1850471496582031,0.6171839237213135,2.2603025436401367
7804,persistence,unrelated_delay,5000,0.04989829659461975,1.1761761903762817,0.5893410444259644,2.2583296298980713
7804,revision,opposing,0,0.4450940787792206,1.786651611328125,0.4275960922241211,1.2376075983047485
7804,revision,opposing,1,0.42866790294647217,1.791664958000183,0.43689072132110596,1.2407703399658203
7804,revision,opposing,2,0.42516887187957764,1.7760136127471924,0.4385162889957428,1.2420374155044556
7804,revision,opposing,4,0.38818320631980896,1.7417914867401123,0.44579631090164185,1.2451395988464355
7804,revision,opposing,8,0.3641909956932068,1.7384121417999268,0.42658141255378723,1.2506935596466064
7804,revision,opposing,16,0.30098265409469604,1.756225347518921,0.4075993001461029,1.2692511081695557
7804,revision,opposing,32,0.1911303699016571,1.74676513671875,0.3747645914554596,1.3101587295532227
7804,revision,opposing,64,0.04874718189239502,1.7293777465820312,0.3517480194568634,1.3704924583435059
7804,revision,opposing,128,-0.1521109640598297,1.7203142642974854,0.317586213350296,1.4252249002456665
7805,formation,p=0.55,0,0.0,0.216827854514122,0.0,0.0
7805,formation,p=0.55,1,-0.0002364516258239746,2.094883441925049,0.5599845051765442,0.046489451080560684
7805,formation,p=0.55,2,-0.0006937682628631592,2.2322444915771484,0.699657678604126,0.14829735457897186
7805,formation,p=0.55,4,0.007279187440872192,2.164156198501587,0.8162145614624023,0.3010345995426178
7805,formation,p=0.55,8,0.013402700424194336,2.1452364921569824,0.8113953471183777,0.5666525363922119
7805,formation,p=0.55,16,0.01251310110092163,2.129350423812866,0.7333084940910339,0.8665568828582764
7805,formation,p=0.55,32,0.0027726292610168457,2.0991673469543457,0.6338063478469849,1.1342204809188843
7805,formation,p=0.55,64,0.005759894847869873,2.1016550064086914,0.5333827137947083,1.3202399015426636
7805,formation,p=0.60,0,0.0,0.216827854514122,0.0,0.0
7805,formation,p=0.60,1,0.0006951093673706055,2.094944715499878,0.5616728663444519,0.04323875904083252
7805,formation,p=0.60,2,-0.0088423490524292,2.248873233795166,0.6995641589164734,0.14487487077713013
7805,formation,p=0.60,4,0.01167955994606018,2.1681535243988037,0.8125051259994507,0.30173370242118835
7805,formation,p=0.60,8,-0.00038367509841918945,2.1707491874694824,0.8009340763092041,0.5619107484817505
7805,formation,p=0.60,16,0.012764036655426025,2.1348724365234375,0.7334221601486206,0.8591540455818176
7805,formation,p=0.60,32,-0.006573915481567383,2.123408555984497,0.6316832900047302,1.133793830871582
7805,formation,p=0.60,64,-0.003677070140838623,2.0942254066467285,0.5144113898277283,1.3411208391189575
7805,formation,p=0.65,0,0.0,0.216827854514122,0.0,0.0
7805,formation,p=0.65,1,-0.0014607012271881104,2.0924506187438965,0.5625931620597839,0.04165187105536461
7805,formation,p=0.65,2,0.019179433584213257,2.2524607181549072,0.7036819458007812,0.14085155725479126
7805,formation,p=0.65,4,0.017452001571655273,2.1659011840820312,0.8161525726318359,0.2996996343135834
7805,formation,p=0.65,8,0.00494837760925293,2.159806728363037,0.8134275674819946,0.5665463209152222
7805,formation,p=0.65,16,0.00660628080368042,2.1299524307250977,0.7356360554695129,0.8656790256500244
7805,formation,p=0.65,32,0.003935515880584717,2.110215663909912,0.6180269122123718,1.1435214281082153
7805,formation,p=0.65,64,0.005373775959014893,2.088684558868408,0.4837263822555542,1.3457574844360352
7805,formation,p=0.70,0,0.0,0.216827854514122,0.0,0.0
7805,formation,p=0.70,1,0.0025641322135925293,2.0976169109344482,0.5605567097663879,0.04532352834939957
7805,formation,p=0.70,2,-0.008545935153961182,2.2349133491516113,0.7035572528839111,0.14441752433776855
7805,formation,p=0.70,4,0.004740387201309204,2.1772279739379883,0.81573486328125,0.30010491609573364
7805,formation,p=0.70,8,-0.0031879544258117676,2.157161235809326,0.8200808167457581,0.5625461339950562
7805,formation,p=0.70,16,-0.006113827228546143,2.128786563873291,0.7389907836914062,0.8629204034805298
7805,formation,p=0.70,32,0.007679641246795654,2.1156821250915527,0.6205737590789795,1.1354743242263794
7805,formation,p=0.70,64,0.006828725337982178,2.0967791080474854,0.4846555292606354,1.3563076257705688
7805,persistence,unrelated_delay,0,0.0002493858337402344,2.0983095169067383,0.6281297206878662,1.1379668712615967
7805,persistence,unrelated_delay,10,0.0015951097011566162,1.63754141330719,1.2435266971588135,1.212440848350525
7805,persistence,unrelated_delay,50,0.028397709131240845,1.032244324684143,1.0620808601379395,1.4192272424697876
7805,persistence,unrelated_delay,100,-0.03951707482337952,1.007073998451233,0.9196385145187378,1.660971760749817
7805,persistence,unrelated_delay,250,0.02115646004676819,0.9957708716392517,0.7591838240623474,2.048159122467041
7805,persistence,unrelated_delay,500,-0.010731935501098633,1.0453318357467651,0.6472244262695312,2.3252718448638916
7805,persistence,unrelated_delay,1000,0.0017385482788085938,1.0144267082214355,0.5439901947975159,2.5560808181762695
7805,persistence,unrelated_delay,2000,-0.007314532995223999,1.0247935056686401,0.45910486578941345,2.7123124599456787
7805,persistence,unrelated_delay,5000,0.0004997849464416504,1.0345005989074707,0.41713833808898926,2.8479502201080322
7805,revision,opposing,0,0.0002493858337402344,2.0983095169067383,0.6281297206878662,1.1379668712615967
7805,revision,opposing,1,0.0013254880905151367,2.1070499420166016,0.6224397420883179,1.1496165990829468
7805,revision,opposing,2,0.0035280585289001465,2.107698917388916,0.6283411979675293,1.1594399213790894
7805,revision,opposing,4,-0.0028988122940063477,2.1064887046813965,0.6112028956413269,1.1762263774871826
7805,revision,opposing,8,-0.0009311437606811523,2.102328300476074,0.578917384147644,1.210192322731018
7805,revision,opposing,16,-0.0015079975128173828,2.094111204147339,0.5458924770355225,1.2680991888046265
7805,revision,opposing,32,-0.01194065809249878,2.079310417175293,0.4990217387676239,1.3477914333343506
7805,revision,opposing,64,-0.0050005316734313965,2.0767204761505127,0.4350653290748596,1.4386274814605713
7805,revision,opposing,128,-0.011463582515716553,2.0724780559539795,0.34695854783058167,1.5545722246170044
7806,formation,p=0.55,0,0.0,0.2769657075405121,0.0,0.0
7806,formation,p=0.55,1,-0.03846108913421631,0.8481683135032654,0.5503313541412354,0.07221412658691406
7806,formation,p=0.55,2,-0.0152052640914917,1.001230001449585,0.6274591684341431,0.26777201890945435
7806,formation,p=0.55,4,-0.06525081396102905,1.0405765771865845,0.6299186944961548,0.5338526964187622
7806,formation,p=0.55,8,0.057681262493133545,1.0210176706314087,0.5381554961204529,0.9080843925476074
7806,formation,p=0.55,16,0.03290903568267822,0.9426957964897156,0.36420896649360657,1.250632882118225
7806,formation,p=0.55,32,-0.04212653636932373,0.9144147634506226,0.22685152292251587,1.5347541570663452
7806,formation,p=0.55,64,-0.02874469757080078,0.8792300820350647,0.14276428520679474,1.7445544004440308
7806,formation,p=0.60,0,0.0,0.2769657075405121,0.0,0.0
7806,formation,p=0.60,1,-0.032603919506073,0.8389140367507935,0.5507957339286804,0.07062668353319168
7806,formation,p=0.60,2,-0.010640621185302734,1.0249971151351929,0.6235629320144653,0.26380375027656555
7806,formation,p=0.60,4,-0.00929403305053711,1.0599910020828247,0.6214600205421448,0.5449966192245483
7806,formation,p=0.60,8,0.004618942737579346,1.046319842338562,0.5211580991744995,0.9276084303855896
7806,formation,p=0.60,16,-0.003568112850189209,0.9527124762535095,0.37234681844711304,1.2589231729507446
7806,formation,p=0.60,32,-0.06985503435134888,0.9508625268936157,0.22003333270549774,1.5335559844970703
7806,formation,p=0.60,64,-0.042958855628967285,0.8899402022361755,0.13656345009803772,1.7414520978927612
7806,formation,p=0.65,0,0.0,0.2769657075405121,0.0,0.0
7806,formation,p=0.65,1,0.014311373233795166,0.8384841680526733,0.551016092300415,0.07024753838777542
7806,formation,p=0.65,2,0.017788231372833252,0.9711376428604126,0.6310005784034729,0.25876978039741516
7806,formation,p=0.65,4,0.02058875560760498,1.0922141075134277,0.6138393878936768,0.550565242767334
7806,formation,p=0.65,8,-0.028655052185058594,1.0084097385406494,0.5173830986022949,0.936752438545227
7806,formation,p=0.65,16,0.011483609676361084,1.0129307508468628,0.359283983707428,1.2626980543136597
7806,formation,p=0.65,32,0.015907585620880127,0.8893530964851379,0.23932571709156036,1.5338834524154663
7806,formation,p=0.65,64,-0.07026779651641846,0.8874158263206482,0.13347013294696808,1.7446987628936768
7806,formation,p=0.70,0,0.0,0.2769657075405121,0.0,0.0
7806,formation,p=0.70,1,-0.039541542530059814,0.8365716934204102,0.5513057708740234,0.07068061828613281
7806,formation,p=0.70,2,-0.02054649591445923,0.9804930686950684,0.6361218094825745,0.2567020356655121
7806,formation,p=0.70,4,0.007436037063598633,1.0665408372879028,0.6263326406478882,0.5297183990478516
7806,formation,p=0.70,8,-0.05072128772735596,1.0338947772979736,0.503078043460846,0.9229800701141357
7806,formation,p=0.70,16,0.031130492687225342,0.9683316946029663,0.3703349828720093,1.2655243873596191
7806,formation,p=0.70,32,-0.024583280086517334,0.9322211146354675,0.2335422784090042,1.535276174545288
7806,formation,p=0.70,64,-0.03366905450820923,0.9113584160804749,0.14683158695697784,1.741162896156311
7806,persistence,unrelated_delay,0,0.02105039358139038,0.9568161368370056,0.22236385941505432,1.5337821245193481
7806,persistence,unrelated_delay,10,0.014555037021636963,3.1708860397338867,1.055433750152588,1.6113944053649902
7806,persistence,unrelated_delay,50,0.000206679105758667,13.253623008728027,1.1700929403305054,1.6978424787521362
7806,persistence,unrelated_delay,100,0.0013989508152008057,25.406156539916992,1.1359214782714844,1.74323570728302
7806,persistence,unrelated_delay,250,0.0002644658088684082,61.42439270019531,1.1487950086593628,1.7459574937820435
7806,persistence,unrelated_delay,500,8.122622966766357e-05,120.4071273803711,1.1684516668319702,1.6537368297576904
7806,persistence,unrelated_delay,1000,0.0002730339765548706,238.86849975585938,1.2083511352539062,1.4976130723953247
7806,persistence,unrelated_delay,2000,0.00013983994722366333,478.2845458984375,1.2708321809768677,1.3442890644073486
7806,persistence,unrelated_delay,5000,4.8063695430755615e-05,1203.666259765625,1.3420854806900024,1.2752299308776855
7806,revision,opposing,0,0.02105039358139038,0.9568161368370056,0.22236385941505432,1.5337821245193481
7806,revision,opposing,1,0.019779860973358154,0.9088691473007202,0.22291304171085358,1.54334557056427
7806,revision,opposing,2,0.04967230558395386,0.9328897595405579,0.2207738161087036,1.555627465248108
7806,revision,opposing,4,0.043650805950164795,0.9316480755805969,0.2147189825773239,1.576082468032837
7806,revision,opposing,8,0.031319499015808105,0.9206783771514893,0.19911232590675354,1.6111078262329102
7806,revision,opposing,16,-0.008304595947265625,0.8830100893974304,0.17680996656417847,1.6648414134979248
7806,revision,opposing,32,-0.0496634840965271,0.8897779583930969,0.13847851753234863,1.7422412633895874
7806,revision,opposing,64,0.016740083694458008,0.8753098845481873,0.1105957180261612,1.82271409034729
7806,revision,opposing,128,0.030503571033477783,0.8649659752845764,0.08009819686412811,1.8922216892242432
7807,formation,p=0.55,0,0.0,0.20687660574913025,0.0,0.0
7807,formation,p=0.55,1,0.013798028230667114,1.4926233291625977,0.580269992351532,0.011263438500463963
7807,formation,p=0.55,2,-0.015830427408218384,1.9170314073562622,0.6964673399925232,0.19846980273723602
7807,formation,p=0.55,4,0.010290086269378662,2.0201568603515625,0.7612061500549316,0.4019421339035034
7807,formation,p=0.55,8,-0.0037513673305511475,2.000772476196289,0.687801718711853,0.6446951627731323
7807,formation,p=0.55,16,0.005873590707778931,2.0188112258911133,0.5620057582855225,0.9620534181594849
7807,formation,p=0.55,32,0.004895836114883423,1.9584987163543701,0.3795194625854492,1.3556872606277466
7807,formation,p=0.55,64,-0.008587092161178589,1.8973290920257568,0.23895713686943054,1.698983073234558
7807,formation,p=0.60,0,0.0,0.20687660574913025,0.0,0.0
7807,formation,p=0.60,1,0.0002866387367248535,1.4911186695098877,0.5795779228210449,0.013549868017435074
7807,formation,p=0.60,2,0.01611831784248352,1.9198129177093506,0.697695255279541,0.20123833417892456
7807,formation,p=0.60,4,-0.010435014963150024,2.0314576625823975,0.7662649154663086,0.3998604714870453
7807,formation,p=0.60,8,-0.018793731927871704,1.981410264968872,0.6951786279678345,0.6444912552833557
7807,formation,p=0.60,16,0.003342270851135254,1.994372010231018,0.5505529046058655,0.9722220301628113
7807,formation,p=0.60,32,0.0021754205226898193,1.9510324001312256,0.36286038160324097,1.3829565048217773
7807,formation,p=0.60,64,-0.014526277780532837,1.8669322729110718,0.2258499413728714,1.7284687757492065
7807,formation,p=0.65,0,0.0,0.20687660574913025,0.0,0.0
7807,formation,p=0.65,1,-0.0006978511810302734,1.4899013042449951,0.5800374746322632,0.012027749791741371
7807,formation,p=0.65,2,0.003639042377471924,1.9249827861785889,0.696991503238678,0.19956418871879578
7807,formation,p=0.65,4,-0.0036368072032928467,2.0243747234344482,0.7574118971824646,0.4069980978965759
7807,formation,p=0.65,8,0.0017867982387542725,1.9905916452407837,0.6991608738899231,0.6474202871322632
7807,formation,p=0.65,16,-0.003089725971221924,2.003455877304077,0.5460479259490967,0.9746854901313782
7807,formation,p=0.65,32,0.008761405944824219,2.001495122909546,0.3759106993675232,1.3793387413024902
7807,formation,p=0.65,64,0.015036076307296753,1.889002799987793,0.23168662190437317,1.736767292022705
7807,formation,p=0.70,0,0.0,0.20687660574913025,0.0,0.0
7807,formation,p=0.70,1,0.009278744459152222,1.4848778247833252,0.5792875289916992,0.013919922523200512
7807,formation,p=0.70,2,0.002756863832473755,1.9300411939620972,0.6984317898750305,0.20465655624866486
7807,formation,p=0.70,4,0.01073107123374939,2.023557424545288,0.7575141191482544,0.4135904014110565
7807,formation,p=0.70,8,0.004569828510284424,2.0225162506103516,0.708554744720459,0.6582103371620178
7807,formation,p=0.70,16,-0.0001628398895263672,1.9836139678955078,0.546726405620575,0.998241662979126
7807,formation,p=0.70,32,0.008255749940872192,1.9481359720230103,0.36312785744667053,1.406601905822754
7807,formation,p=0.70,64,-6.0558319091796875e-05,1.8949294090270996,0.23056498169898987,1.7531492710113525
7807,persistence,unrelated_delay,0,-0.004074186086654663,1.9941457509994507,0.3678053319454193,1.3953020572662354
7807,persistence,unrelated_delay,10,-0.006265610456466675,1.8764257431030273,1.0920324325561523,1.544135332107544
7807,persistence,unrelated_delay,50,-0.007149815559387207,4.157830238342285,1.0928738117218018,1.731690764427185
7807,persistence,unrelated_delay,100,-0.004163771867752075,7.31330680847168,1.0746586322784424,1.725311517715454
7807,persistence,unrelated_delay,250,-0.003966838121414185,16.88882064819336,1.0706124305725098,1.6694968938827515
7807,persistence,unrelated_delay,500,-0.0013654828071594238,33.2811164855957,1.0690845251083374,1.5545899868011475
7807,persistence,unrelated_delay,1000,-0.001440197229385376,66.77717590332031,1.0841875076293945,1.395422101020813
7807,persistence,unrelated_delay,2000,-0.0009211301803588867,138.40463256835938,1.1497939825057983,1.226746916770935
7807,persistence,unrelated_delay,5000,-0.00016430020332336426,379.50726318359375,1.253028392791748,1.1411973237991333
7807,revision,opposing,0,-0.004074186086654663,1.9941457509994507,0.3678053319454193,1.3953020572662354
7807,revision,opposing,1,-0.007537811994552612,1.9399068355560303,0.3603702485561371,1.4147580862045288
7807,revision,opposing,2,-0.0026770830154418945,1.9858217239379883,0.3597770631313324,1.4310495853424072
7807,revision,opposing,4,-0.01074323058128357,1.9854179620742798,0.34294065833091736,1.4623934030532837
7807,revision,opposing,8,-0.009723663330078125,1.9777586460113525,0.32782894372940063,1.5192919969558716
7807,revision,opposing,16,-0.0050325095653533936,1.9452497959136963,0.2893502712249756,1.615727424621582
7807,revision,opposing,32,0.00016039609909057617,1.891251802444458,0.2325804978609085,1.748016119003296
7807,revision,opposing,64,-0.0002517998218536377,1.8217968940734863,0.17376141250133514,1.8757861852645874
7807,revision,opposing,128,0.02353110909461975,1.818904995918274,0.15038836002349854,1.9621622562408447
7808,formation,p=0.55,0,0.0,0.26475104689598083,0.0,0.0
7808,formation,p=0.55,1,-0.029176533222198486,1.2097561359405518,0.5629380345344543,0.060097746551036835
7808,formation,p=0.55,2,0.005104959011077881,1.9411193132400513,0.7144522070884705,0.15057608485221863
7808,formation,p=0.55,4,-0.0019074082374572754,3.271205425262451,0.8336540460586548,0.2615891993045807
7808,formation,p=0.55,8,0.006600081920623779,5.821556091308594,0.8725918531417847,0.4547286927700043
7808,formation,p=0.55,16,0.00067138671875,10.823494911193848,0.8441190719604492,0.7071287035942078
7808,formation,p=0.55,32,0.004724264144897461,20.725902557373047,0.8123671412467957,1.018432378768921
7808,formation,p=0.55,64,0.0017145872116088867,41.12165069580078,0.807405412197113,1.2854119539260864
7808,formation,p=0.60,0,0.0,0.26475104689598083,0.0,0.0
7808,formation,p=0.60,1,0.014498114585876465,1.2356464862823486,0.5643784999847412,0.05614341050386429
7808,formation,p=0.60,2,0.015374541282653809,1.9529955387115479,0.7172994613647461,0.14510375261306763
7808,formation,p=0.60,4,-0.0012056231498718262,3.2865700721740723,0.8228431940078735,0.2688838541507721
7808,formation,p=0.60,8,-0.0025679469108581543,5.8409833908081055,0.8658287525177002,0.4372696280479431
7808,formation,p=0.60,16,-0.006068408489227295,10.888725280761719,0.8439081311225891,0.6738263964653015
7808,formation,p=0.60,32,-0.0038036108016967773,20.705211639404297,0.8281825184822083,1.00693678855896
7808,formation,p=0.60,64,0.0024581551551818848,41.04261779785156,0.80234295129776,1.2837194204330444
7808,formation,p=0.65,0,0.0,0.26475104689598083,0.0,0.0
7808,formation,p=0.65,1,0.0258256196975708,1.2275646924972534,0.5617165565490723,0.06301058828830719
7808,formation,p=0.65,2,0.013891935348510742,1.9512745141983032,0.7088125348091125,0.16361770033836365
7808,formation,p=0.65,4,0.004504382610321045,3.302661180496216,0.8245545029640198,0.2864037752151489
7808,formation,p=0.65,8,0.004353046417236328,5.9575910568237305,0.8689222931861877,0.45477622747421265
7808,formation,p=0.65,16,0.0014223456382751465,10.995478630065918,0.8545580506324768,0.7024307250976562
7808,formation,p=0.65,32,0.0036149024963378906,20.901123046875,0.8310327529907227,0.9978282451629639
7808,formation,p=0.65,64,-0.0008175969123840332,41.25801086425781,0.8116490244865417,1.2762678861618042
7808,formation,p=0.70,0,0.0,0.26475104689598083,0.0,0.0
7808,formation,p=0.70,1,0.009596288204193115,1.222915768623352,0.5611386299133301,0.06505805999040604
7808,formation,p=0.70,2,-0.007635891437530518,1.9453492164611816,0.7107144594192505,0.1591893434524536
7808,formation,p=0.70,4,-0.0018578767776489258,3.313295841217041,0.8344167470932007,0.27389758825302124
7808,formation,p=0.70,8,-0.0018755793571472168,5.9574809074401855,0.8692829608917236,0.4307975769042969
7808,formation,p=0.70,16,0.005801379680633545,10.939188957214355,0.8462214469909668,0.695026695728302
7808,formation,p=0.70,32,0.006215810775756836,20.82254409790039,0.8239853382110596,0.9979242086410522
7808,formation,p=0.70,64,0.00121992826461792,41.10032653808594,0.7984880208969116,1.2740163803100586
7808,persistence,unrelated_delay,0,-0.0006688237190246582,20.864294052124023,0.8229712247848511,0.9980882406234741
7808,persistence,unrelated_delay,10,0.0034047365188598633,21.58559799194336,1.2935214042663574,1.0634604692459106
7808,persistence,unrelated_delay,50,0.0020353496074676514,25.259185791015625,1.2941741943359375,1.1908007860183716
7808,persistence,unrelated_delay,100,0.0003382861614227295,30.296064376831055,1.2766629457473755,1.2968831062316895
7808,persistence,unrelated_delay,250,0.00011302530765533447,45.20961380004883,1.26060950756073,1.4350757598876953
7808,persistence,unrelated_delay,500,-7.361173629760742e-06,70.18675231933594,1.2577022314071655,1.4792916774749756
7808,persistence,unrelated_delay,1000,0.0001119077205657959,119.7187728881836,1.2526146173477173,1.4950900077819824
7808,persistence,unrelated_delay,2000,8.016824722290039e-06,218.417236328125,1.2534183263778687,1.5197621583938599
7808,persistence,unrelated_delay,5000,1.3709068298339844e-05,513.9707641601562,1.2668025493621826,1.5551728010177612
7808,revision,opposing,0,-0.0006688237190246582,20.864294052124023,0.8229712247848511,0.9980882406234741
7808,revision,opposing,1,-0.00037992000579833984,21.484933853149414,0.8193456530570984,1.0130866765975952
7808,revision,opposing,2,0.002616405487060547,22.098560333251953,0.8143510222434998,1.0258140563964844
7808,revision,opposing,4,0.008671760559082031,23.31634521484375,0.8160486817359924,1.0512869358062744
7808,revision,opposing,8,0.0117073655128479,25.806739807128906,0.809084415435791,1.097798466682434
7808,revision,opposing,16,0.0031380057334899902,30.871097564697266,0.8082025647163391,1.171403169631958
7808,revision,opposing,32,-0.0006722211837768555,41.197242736816406,0.8162510991096497,1.2620198726654053
7808,revision,opposing,64,-0.00192183256149292,62.41455841064453,0.7953984141349792,1.3407710790634155
7808,revision,opposing,128,-0.0011921226978302002,105.44281768798828,0.8098234534263611,1.3477377891540527
